{
  "recete_kontrol": {
    "count": 4152,
    "total_time": 5578.2397747039795
  },
  "uyari_kapat": {
    "count": 216,
    "total_time": 321.92114329338074
  },
  "ilac_butonu": {
    "count": 4568,
    "total_time": 8413.96267747879
  },
  "ilac_ekran_bekleme": {
    "count": 2414,
    "total_time": 8469.756162881851
  },
  "y_butonu": {
    "count": 4540,
    "total_time": 10031.795251846313
  },
  "pencere_bulma": {
    "count": 2389,
    "total_time": 613.7381911277771
  },
  "alinmayanlari_sec": {
    "count": 2293,
    "total_time": 1013.8669919967651
  },
  "kapat_butonu": {
    "count": 4330,
    "total_time": 2011.4735474586487
  },
  "ilac_secim_bekleme": {
    "count": 2293,
    "total_time": 11851.073081493378
  },
  "geri_don_butonu": {
    "count": 4426,
    "total_time": 5208.889817714691
  },
  "sonra_butonu": {
    "count": 8040,
    "total_time": 13034.403149843216
  },
  "y_ikinci_deneme": {
    "count": 24,
    "total_time": 67.9694344997406
  },
  "rapor_toplama": {
    "count": 2205,
    "total_time": 29104.78078508377
  },
  "pencere_restore": {
    "count": 392,
    "total_time": 80.80171298980713
  },
  "pencere_move": {
    "count": 473,
    "total_time": 71.39679455757141
  },
  "recete_sorgu": {
    "count": 1123,
    "total_time": 259.7866988182068
  },
  "text_focus": {
    "count": 1142,
    "total_time": 175.35495948791504
  },
  "text_clear": {
    "count": 1037,
    "total_time": 98.28832149505615
  },
  "text_write": {
    "count": 977,
    "total_time": 131.6354477405548
  },
  "sorgula_butonu": {
    "count": 964,
    "total_time": 214.95343899726868
  },
  "sag_tik": {
    "count": 1072,
    "total_time": 61.374266386032104
  },
  "takip_et": {
    "count": 1063,
    "total_time": 40.12597608566284
  },
  "rapor_button_wait": {
    "count": 1791,
    "total_time": 2355.1685497760773
  },
  "rapor_pencere_acilis": {
    "count": 1820,
    "total_time": 2928.1003704071045
  },
  "pencere_kapatma": {
    "count": 1787,
    "total_time": 2711.2617840766907
  },
  "retry_after_reconnect": {
    "count": 642,
    "total_time": 1808.5570216178894
  },
  "ana_sayfa": {
    "count": 157,
    "total_time": 53.98227071762085
  },
  "buton_hazir_bekleme": {
    "count": 693,
    "total_time": 1900.7981760501862
  },
  "textbox_yazma": {
    "count": 1049,
    "total_time": 1549.0846195220947
  },
  "adim_arasi_bekleme": {
    "count": 28,
    "total_time": 8.427374124526978
  },
  "telefon_kontrol": {
    "count": 934,
    "total_time": 2522.5855479240417
  },
  "tesis_kontrol": {
    "count": 1283,
    "total_time": 2704.6744997501373
  }
}