{
  "recete_kontrol": {
    "count": 3305,
    "total_time": 4182.301068067551
  },
  "uyari_kapat": {
    "count": 216,
    "total_time": 321.92114329338074
  },
  "ilac_butonu": {
    "count": 3430,
    "total_time": 7209.348875999451
  },
  "ilac_ekran_bekleme": {
    "count": 1846,
    "total_time": 6230.271862983704
  },
  "y_butonu": {
    "count": 3402,
    "total_time": 8165.91828417778
  },
  "pencere_bulma": {
    "count": 1820,
    "total_time": 537.5931148529053
  },
  "alinmayanlari_sec": {
    "count": 1727,
    "total_time": 780.857278585434
  },
  "kapat_butonu": {
    "count": 3198,
    "total_time": 1972.7216491699219
  },
  "ilac_secim_bekleme": {
    "count": 1727,
    "total_time": 10332.005598068237
  },
  "geri_don_butonu": {
    "count": 3294,
    "total_time": 4356.597976922989
  },
  "sonra_butonu": {
    "count": 4943,
    "total_time": 8930.324129581451
  },
  "y_ikinci_deneme": {
    "count": 24,
    "total_time": 67.9694344997406
  },
  "rapor_toplama": {
    "count": 1640,
    "total_time": 23025.421917676926
  },
  "pencere_restore": {
    "count": 387,
    "total_time": 80.30023074150085
  },
  "pencere_move": {
    "count": 458,
    "total_time": 70.94035649299622
  },
  "recete_sorgu": {
    "count": 1101,
    "total_time": 257.563823223114
  },
  "text_focus": {
    "count": 1122,
    "total_time": 174.30574321746826
  },
  "text_clear": {
    "count": 1017,
    "total_time": 97.6579360961914
  },
  "text_write": {
    "count": 960,
    "total_time": 130.7608346939087
  },
  "sorgula_butonu": {
    "count": 950,
    "total_time": 213.5388355255127
  },
  "sag_tik": {
    "count": 507,
    "total_time": 32.56623673439026
  },
  "takip_et": {
    "count": 501,
    "total_time": 22.642123460769653
  },
  "rapor_button_wait": {
    "count": 1227,
    "total_time": 2298.0420343875885
  },
  "rapor_pencere_acilis": {
    "count": 1256,
    "total_time": 2645.4454526901245
  },
  "pencere_kapatma": {
    "count": 1223,
    "total_time": 2428.6463601589203
  },
  "retry_after_reconnect": {
    "count": 629,
    "total_time": 1782.542117357254
  },
  "ana_sayfa": {
    "count": 146,
    "total_time": 51.76401925086975
  },
  "buton_hazir_bekleme": {
    "count": 693,
    "total_time": 1900.7981760501862
  },
  "textbox_yazma": {
    "count": 483,
    "total_time": 904.6367366313934
  },
  "adim_arasi_bekleme": {
    "count": 28,
    "total_time": 8.427374124526978
  },
  "telefon_kontrol": {
    "count": 152,
    "total_time": 363.7421886920929
  }
}