{
  "recete_kontrol": {
    "count": 5491,
    "total_time": 7722.491850376129
  },
  "uyari_kapat": {
    "count": 216,
    "total_time": 321.92114329338074
  },
  "ilac_butonu": {
    "count": 6502,
    "total_time": 10935.826632738113
  },
  "ilac_ekran_bekleme": {
    "count": 3381,
    "total_time": 12292.924855709076
  },
  "y_butonu": {
    "count": 6482,
    "total_time": 13216.315463542938
  },
  "pencere_bulma": {
    "count": 3360,
    "total_time": 753.8109595775604
  },
  "alinmayanlari_sec": {
    "count": 3255,
    "total_time": 1412.0163834095001
  },
  "kapat_butonu": {
    "count": 6254,
    "total_time": 2055.146679162979
  },
  "ilac_secim_bekleme": {
    "count": 3255,
    "total_time": 14366.874969482422
  },
  "geri_don_butonu": {
    "count": 6359,
    "total_time": 6654.526843070984
  },
  "sonra_butonu": {
    "count": 12870,
    "total_time": 19293.675024032593
  },
  "y_ikinci_deneme": {
    "count": 24,
    "total_time": 67.9694344997406
  },
  "rapor_toplama": {
    "count": 3165,
    "total_time": 39439.43436717987
  },
  "pencere_restore": {
    "count": 413,
    "total_time": 82.91605281829834
  },
  "pencere_move": {
    "count": 531,
    "total_time": 73.17448043823242
  },
  "recete_sorgu": {
    "count": 1167,
    "total_time": 264.2253465652466
  },
  "text_focus": {
    "count": 1182,
    "total_time": 177.3783187866211
  },
  "text_clear": {
    "count": 1076,
    "total_time": 99.49101853370667
  },
  "text_write": {
    "count": 1013,
    "total_time": 133.4735975265503
  },
  "sorgula_butonu": {
    "count": 996,
    "total_time": 218.18372774124146
  },
  "sag_tik": {
    "count": 2034,
    "total_time": 109.999990940094
  },
  "takip_et": {
    "count": 1952,
    "total_time": 67.20531964302063
  },
  "rapor_button_wait": {
    "count": 2748,
    "total_time": 2451.501590490341
  },
  "rapor_pencere_acilis": {
    "count": 2787,
    "total_time": 3412.178924560547
  },
  "pencere_kapatma": {
    "count": 2742,
    "total_time": 3189.2880294322968
  },
  "retry_after_reconnect": {
    "count": 678,
    "total_time": 1880.5819175243378
  },
  "ana_sayfa": {
    "count": 206,
    "total_time": 63.836721658706665
  },
  "buton_hazir_bekleme": {
    "count": 693,
    "total_time": 1900.7981760501862
  },
  "textbox_yazma": {
    "count": 2011,
    "total_time": 2624.059907913208
  },
  "adim_arasi_bekleme": {
    "count": 38,
    "total_time": 11.429951190948486
  },
  "telefon_kontrol": {
    "count": 2101,
    "total_time": 5794.259532690048
  },
  "tesis_kontrol": {
    "count": 3191,
    "total_time": 6673.381911754608
  },
  "giris_butonu": {
    "count": 26,
    "total_time": 7.811111927032471
  },
  "recete_listesi_butonu": {
    "count": 1,
    "total_time": 0.3005523681640625
  }
}