{
  "recete_kontrol": {
    "count": 4449,
    "total_time": 6058.652323961258
  },
  "uyari_kapat": {
    "count": 216,
    "total_time": 321.92114329338074
  },
  "ilac_butonu": {
    "count": 4988,
    "total_time": 8950.850718021393
  },
  "ilac_ekran_bekleme": {
    "count": 2624,
    "total_time": 9285.69332742691
  },
  "y_butonu": {
    "count": 4962,
    "total_time": 10714.327328205109
  },
  "pencere_bulma": {
    "count": 2600,
    "total_time": 638.0490853786469
  },
  "alinmayanlari_sec": {
    "count": 2503,
    "total_time": 1100.2234964370728
  },
  "kapat_butonu": {
    "count": 4750,
    "total_time": 2021.2215521335602
  },
  "ilac_secim_bekleme": {
    "count": 2503,
    "total_time": 12424.65792632103
  },
  "geri_don_butonu": {
    "count": 4853,
    "total_time": 5525.0795266628265
  },
  "sonra_butonu": {
    "count": 9162,
    "total_time": 14279.907277345657
  },
  "y_ikinci_deneme": {
    "count": 24,
    "total_time": 67.9694344997406
  },
  "rapor_toplama": {
    "count": 2414,
    "total_time": 31304.70115661621
  },
  "pencere_restore": {
    "count": 405,
    "total_time": 82.11394500732422
  },
  "pencere_move": {
    "count": 510,
    "total_time": 72.53872537612915
  },
  "recete_sorgu": {
    "count": 1147,
    "total_time": 262.2115795612335
  },
  "text_focus": {
    "count": 1162,
    "total_time": 176.3686227798462
  },
  "text_clear": {
    "count": 1056,
    "total_time": 98.88053178787231
  },
  "text_write": {
    "count": 993,
    "total_time": 132.45957970619202
  },
  "sorgula_butonu": {
    "count": 976,
    "total_time": 216.17750024795532
  },
  "sag_tik": {
    "count": 1282,
    "total_time": 72.10890698432922
  },
  "takip_et": {
    "count": 1267,
    "total_time": 46.45315361022949
  },
  "rapor_button_wait": {
    "count": 2000,
    "total_time": 2376.380047559738
  },
  "rapor_pencere_acilis": {
    "count": 2030,
    "total_time": 3033.3620340824127
  },
  "pencere_kapatma": {
    "count": 1995,
    "total_time": 2815.508555650711
  },
  "retry_after_reconnect": {
    "count": 650,
    "total_time": 1824.5733058452606
  },
  "ana_sayfa": {
    "count": 193,
    "total_time": 61.22838830947876
  },
  "buton_hazir_bekleme": {
    "count": 693,
    "total_time": 1900.7981760501862
  },
  "textbox_yazma": {
    "count": 1259,
    "total_time": 1775.089145898819
  },
  "adim_arasi_bekleme": {
    "count": 28,
    "total_time": 8.427374124526978
  },
  "telefon_kontrol": {
    "count": 1165,
    "total_time": 3121.75342297554
  },
  "tesis_kontrol": {
    "count": 1681,
    "total_time": 3490.4313611984253
  },
  "giris_butonu": {
    "count": 11,
    "total_time": 3.3043148517608643
  },
  "recete_listesi_butonu": {
    "count": 1,
    "total_time": 0.3005523681640625
  }
}