{
  "recete_kontrol": {
    "count": 6120,
    "total_time": 8371.221863269806
  },
  "uyari_kapat": {
    "count": 216,
    "total_time": 321.92114329338074
  },
  "ilac_butonu": {
    "count": 7406,
    "total_time": 11747.525716543198
  },
  "ilac_ekran_bekleme": {
    "count": 3833,
    "total_time": 13305.361248970032
  },
  "y_butonu": {
    "count": 7392,
    "total_time": 14171.480949401855
  },
  "pencere_bulma": {
    "count": 3815,
    "total_time": 795.0646622180939
  },
  "alinmayanlari_sec": {
    "count": 3705,
    "total_time": 1559.9366672039032
  },
  "kapat_butonu": {
    "count": 7154,
    "total_time": 2073.985321521759
  },
  "ilac_secim_bekleme": {
    "count": 3705,
    "total_time": 15276.44245147705
  },
  "geri_don_butonu": {
    "count": 7264,
    "total_time": 7120.184235334396
  },
  "sonra_butonu": {
    "count": 15200,
    "total_time": 21378.85593676567
  },
  "y_ikinci_deneme": {
    "count": 24,
    "total_time": 67.9694344997406
  },
  "rapor_toplama": {
    "count": 3615,
    "total_time": 42812.57728767395
  },
  "pencere_restore": {
    "count": 413,
    "total_time": 82.91605281829834
  },
  "pencere_move": {
    "count": 531,
    "total_time": 73.17448043823242
  },
  "recete_sorgu": {
    "count": 1183,
    "total_time": 265.8325605392456
  },
  "text_focus": {
    "count": 1198,
    "total_time": 178.18501043319702
  },
  "text_clear": {
    "count": 1092,
    "total_time": 99.97618341445923
  },
  "text_write": {
    "count": 1029,
    "total_time": 134.27958965301514
  },
  "sorgula_butonu": {
    "count": 1012,
    "total_time": 219.79043865203857
  },
  "sag_tik": {
    "count": 2484,
    "total_time": 132.7108235359192
  },
  "takip_et": {
    "count": 2402,
    "total_time": 80.91937041282654
  },
  "rapor_button_wait": {
    "count": 3196,
    "total_time": 2496.5123252868652
  },
  "rapor_pencere_acilis": {
    "count": 3235,
    "total_time": 3636.3856093883514
  },
  "pencere_kapatma": {
    "count": 3190,
    "total_time": 3413.497035741806
  },
  "retry_after_reconnect": {
    "count": 696,
    "total_time": 1916.5890274047852
  },
  "ana_sayfa": {
    "count": 221,
    "total_time": 66.84434008598328
  },
  "buton_hazir_bekleme": {
    "count": 693,
    "total_time": 1900.7981760501862
  },
  "textbox_yazma": {
    "count": 2462,
    "total_time": 3064.08465385437
  },
  "adim_arasi_bekleme": {
    "count": 38,
    "total_time": 11.429951190948486
  },
  "telefon_kontrol": {
    "count": 2701,
    "total_time": 6949.294461488724
  },
  "tesis_kontrol": {
    "count": 4059,
    "total_time": 7815.754555225372
  },
  "giris_butonu": {
    "count": 40,
    "total_time": 12.01770830154419
  },
  "recete_listesi_butonu": {
    "count": 2,
    "total_time": 0.6012735366821289
  },
  "laba_uyari": {
    "count": 1,
    "total_time": 0.030272483825683594
  },
  "retry_after_popup": {
    "count": 1,
    "total_time": 2.0002992153167725
  }
}